<?xml version="1.0" encoding="UTF-8" ?>
<!DOCTYPE mapper
PUBLIC "-//mybatis.org//DTD Mapper 3.0//EN"
"http://mybatis.org/dtd/mybatis-3-mapper.dtd">
<mapper namespace="com.ruoyi.teacher.mapper.TeacherMapper">
    
    <resultMap type="Teacher" id="TeacherResult">
        <result property="id"    column="id"    />
        <result property="name"    column="name"    />
        <result property="major"    column="major"    />
    </resultMap>

    <sql id="selectTeacherVo">
        select id, name, major from teacher
    </sql>

    <select id="selectTeacherList" parameterType="Teacher" resultMap="TeacherResult">
        <include refid="selectTeacherVo"/>
        <where>  
            <if test="name != null  and name != ''"> and name like concat('%', #{name}, '%')</if>
            <if test="major != null  and major != ''"> and major = #{major}</if>
        </where>
    </select>
    
    <select id="selectTeacherById" parameterType="Long" resultMap="TeacherResult">
        <include refid="selectTeacherVo"/>
        where id = #{id}
    </select>
        
    <insert id="insertTeacher" parameterType="Teacher" useGeneratedKeys="true" keyProperty="id">
        insert into teacher
        <trim prefix="(" suffix=")" suffixOverrides=",">
            <if test="name != null and name != ''">name,</if>
            <if test="major != null">major,</if>
         </trim>
        <trim prefix="values (" suffix=")" suffixOverrides=",">
            <if test="name != null and name != ''">#{name},</if>
            <if test="major != null">#{major},</if>
         </trim>
    </insert>

    <update id="updateTeacher" parameterType="Teacher">
        update teacher
        <trim prefix="SET" suffixOverrides=",">
            <if test="name != null and name != ''">name = #{name},</if>
            <if test="major != null">major = #{major},</if>
        </trim>
        where id = #{id}
    </update>

    <delete id="deleteTeacherById" parameterType="Long">
        delete from teacher where id = #{id}
    </delete>

    <delete id="deleteTeacherByIds" parameterType="String">
        delete from teacher where id in 
        <foreach item="id" collection="array" open="(" separator="," close=")">
            #{id}
        </foreach>
    </delete>
</mapper>